"Status","Start Time","Stop Time","Duration in ms","Parent Suite","Suite","Sub Suite","Test Class","Test Method","Name","Description"
"skipped","Sat Oct 10 08:19:55 UTC 2026","Sat Oct 10 08:19:56 UTC 2026","797","tests","test_signup","TestSignup","","","test_signup_name_validation_failures[ User-Leading space]","Verify API rejects invalid names when frontend validation is bypassed (Postman, curl, etc.)."
"passed","Sat Oct 10 08:19:58 UTC 2026","Sat Oct 10 08:19:59 UTC 2026","1322","tests","test_signup_verification","TestResendOTP","","","POST /api/authentication/signup/resend-code/","API Test: POST /api/authentication/signup/resend-code/"
"skipped","Sat Oct 10 08:19:56 UTC 2026","Sat Oct 10 08:19:57 UTC 2026","1035","tests","test_signup","TestSignup","","","test_signup_name_validation_failures[AAAAAAAAAAAAAAAAAAAAAAAAAAAAAAAAAAAAAAAAAAAAAAAAAAAAAAAAAAAAAAAAAAAAAAAAAAAAAAAAA-Name too long]","Verify API rejects invalid names when frontend validation is bypassed (Postman, curl, etc.)."
"passed","Sat Oct 10 08:19:54 UTC 2026","Sat Oct 10 08:19:54 UTC 2026","503","tests","test_signup","TestSignup","","","Test missing required fields","Verify validation error when required fields are missing."
"passed","Sat Oct 10 08:19:58 UTC 2026","Sat Oct 10 08:19:58 UTC 2026","154","tests","test_signup_verification","TestSignupVerification","","","Validate confirmation_code - missing field","Test missing field validation for confirmation_code field"
"passed","Sat Oct 10 08:19:54 UTC 2026","Sat Oct 10 08:19:55 UTC 2026","1188","tests","test_signup","TestSignup","","","POST /api/authentication/signup","API Test: POST /api/authentication/signup"
"passed","Sat Oct 10 08:19:57 UTC 2026","Sat Oct 10 08:19:58 UTC 2026","294","tests","test_signup_verification","TestSignupVerification","","","Validate confirmation_code - expired OTP","Test expired OTP validation for confirmation_code field"
"skipped","Sat Oct 10 08:19:56 UTC 2026","Sat Oct 10 08:19:56 UTC 2026","317","tests","test_signup","TestSignup","","","test_signup_password_complexity[password123!-Missing uppercase]","Verify API rejects weak passwords when frontend validation is bypassed (Postman, curl, etc.)."
"skipped","Sat Oct 10 08:19:56 UTC 2026","Sat Oct 10 08:19:57 UTC 2026","349","tests","test_signup","TestSignup","","","test_signup_password_complexity[Password!-Missing number]","Verify API rejects weak passwords when frontend validation is bypassed (Postman, curl, etc.)."
"passed","Sat Oct 10 08:19:56 UTC 2026","Sat Oct 10 08:19:56 UTC 2026","154","tests","test_signup","TestSignup","","","Validate email - public domain blocking","Test public domain blocking validation for email field"
"skipped","Sat Oct 10 08:19:55 UTC 2026","Sat Oct 10 08:19:56 UTC 2026","787","tests","test_signup","TestSignup","","","test_signup_name_validation_failures[User123-Contains numbers]","Verify API rejects invalid names when frontend validation is bypassed (Postman, curl, etc.)."
"passed","Sat Oct 10 08:19:55 UTC 2026","Sat Oct 10 08:19:56 UTC 2026","1392","tests","test_signup","TestSignup","","","Test duplicate email registration","Verify error when attempting to register with an existing email."
"skipped","Sat Oct 10 08:19:55 UTC 2026","Sat Oct 10 08:19:56 UTC 2026","841","tests","test_signup","TestSignup","","","test_signup_name_validation_failures[@User-Starts with special char]","Verify API rejects invalid names when frontend validation is bypassed (Postman, curl, etc.)."
"skipped","Sat Oct 10 08:19:54 UTC 2026","Sat Oct 10 08:19:55 UTC 2026","1269","tests","test_signup","TestSignup","","","test_signup_name_validation_failures[Ab-Name too short]","Verify API rejects invalid names when frontend validation is bypassed (Postman, curl, etc.)."
"skipped","Sat Oct 10 08:19:56 UTC 2026","Sat Oct 10 08:19:57 UTC 2026","326","tests","test_signup","TestSignup","","","test_signup_password_complexity[Password123-Missing special char]","Verify API rejects weak passwords when frontend validation is bypassed (Postman, curl, etc.)."
"skipped","Sat Oct 10 08:19:54 UTC 2026","Sat Oct 10 08:19:55 UTC 2026","1267","tests","test_signup","TestSignup","","","test_signup_name_validation_failures[User!-Ends with special char]","Verify API rejects invalid names when frontend validation is bypassed (Postman, curl, etc.)."
"passed","Sat Oct 10 08:19:58 UTC 2026","Sat Oct 10 08:19:58 UTC 2026","229","tests","test_signup_verification","TestResendOTP","","","Validate email - already verified","Test already verified validation for email field"
"passed","Sat Oct 10 08:19:54 UTC 2026","Sat Oct 10 08:19:54 UTC 2026","153","tests","test_signup","TestSignup","","","Validate email - format","Test format validation for email field"
"passed","Sat Oct 10 08:19:58 UTC 2026","Sat Oct 10 08:19:58 UTC 2026","152","tests","test_signup_verification","TestResendOTP","","","Validate email - missing field","Test missing field validation for email field"
"skipped","Sat Oct 10 08:19:56 UTC 2026","Sat Oct 10 08:19:56 UTC 2026","302","tests","test_signup","TestSignup","","","test_signup_password_complexity[PASSWORD123!-Missing lowercase]","Verify API rejects weak passwords when frontend validation is bypassed (Postman, curl, etc.)."
"skipped","Sat Oct 10 08:19:54 UTC 2026","Sat Oct 10 08:19:55 UTC 2026","843","tests","test_signup","TestSignup","","","test_signup_name_validation_failures[User -Trailing space]","Verify API rejects invalid names when frontend validation is bypassed (Postman, curl, etc.)."
"passed","Sat Oct 10 08:19:58 UTC 2026","Sat Oct 10 08:19:58 UTC 2026","245","tests","test_signup_verification","TestResendOTP","","","Validate email - non-existent email","Test non-existent email validation for email field"
"passed","Sat Oct 10 08:19:56 UTC 2026","Sat Oct 10 08:19:56 UTC 2026","154","tests","test_signup","TestSignup","","","Validate email - public domain blocking","Test public domain blocking validation for email field"
"passed","Sat Oct 10 08:19:56 UTC 2026","Sat Oct 10 08:19:56 UTC 2026","152","tests","test_signup","TestSignup","","","Validate email - public domain blocking","Test public domain blocking validation for email field"
"passed","Sat Oct 10 08:19:57 UTC 2026","Sat Oct 10 08:19:58 UTC 2026","1149","tests","test_signup_verification","TestSignupVerification","","","Validate confirmation_code - invalid OTP","Test invalid OTP validation for confirmation_code field"
"passed","Sat Oct 10 08:19:58 UTC 2026","Sat Oct 10 08:20:01 UTC 2026","3479","tests","test_signup_verification","TestResendOTP","","","Test resend OTP rate limiting after 5 attempts","Verify rate limiting blocks resend OTP after 5 attempts."
"passed","Sat Oct 10 08:19:57 UTC 2026","Sat Oct 10 08:19:58 UTC 2026","1061","tests","test_signup_verification","TestSignupVerification","","","Validate confirmation_code - incomplete OTP","Test incomplete OTP validation for confirmation_code field"
"passed","Sat Oct 10 08:19:56 UTC 2026","Sat Oct 10 08:19:56 UTC 2026","152","tests","test_signup","TestSignup","","","Validate email - public domain blocking","Test public domain blocking validation for email field"
"passed","Sat Oct 10 08:19:56 UTC 2026","Sat Oct 10 08:19:58 UTC 2026","1205","tests","test_signup_verification","TestSignupVerification","","","POST /api/authentication/signup/confirm/","API Test: POST /api/authentication/signup/confirm/"
